run_dir,mse,mae,rmse,nse,kge
output/sweep_transformer/seq120_hidden064_batch032_lr0p001,5.1782313683472685,0.9607486953735351,2.275572756109386,0.4781490349321008,0.6596976836082822
