run_dir,mse,mae,rmse,nse,kge
outputs/sweeps_mse/seq120_hidden128_batch032_lr0p001,4.725393715948879,0.9173835685593741,2.1737970733140846,0.5237850347770838,0.7592559937678396
